Theme,Sub Theme,Feature Name,Co-ordinates,Latitude,Longitude,Nearest_Outdoor_Sensor_ID,Nearest_Outdoor_Sensor_Distance_m,Coverage_Status
Vacant Land,Current Construction Site - Commercial,Railway Good Shed No 2,"-37.8211371302179, 144.951378883631",-37.8211371302179,144.951378883631,9,148.6317418024454,SUPPORTED
Transport,Railway Station,Parliament Railway Station,"-37.8116061787171, 144.973017263156",-37.8116061787171,144.973017263156,71,167.1346084049441,SUPPORTED
Leisure/Recreation,Informal Outdoor Facility (Park/Garden/Reserve),North Melbourne Recreation Reserve,"-37.7988345257153, 144.941452061463",-37.7988345257153,144.941452061463,180,690.2772765363104,NO_DATA
Leisure/Recreation,Informal Outdoor Facility (Park/Garden/Reserve),Princes Park,"-37.7870161727156, 144.961115214367",-37.7870161727156,144.961115214367,44,1145.9961833656162,NO_DATA
Office,Office,Donor Tissue Bank of Victoria,"-37.8248231859563, 144.965169035668",-37.8248231859563,144.965169035668,179,215.41391479166674,SUPPORTED
Transport,Railway Station,Melbourne Central Railway Station,"-37.8100167030855, 144.963789344893",-37.8100167030855,144.963789344893,187,67.31333294546809,SUPPORTED
Leisure/Recreation,Informal Outdoor Facility (Park/Garden/Reserve),Argyle Square,"-37.8031480577285, 144.965761295089",-37.8031480577285,144.965761295089,31,177.00431826206818,SUPPORTED
Leisure/Recreation,Major Sports & Recreation Facility,Westpac Centre,"-37.8242456858593, 144.979720306309",-37.8242456858593,144.979720306309,136,843.4732420308542,NO_DATA
Education Centre,School - Primary and Secondary Education,Melbourne Girls Grammar School,"-37.8315364518803, 144.985089428348",-37.8315364518803,144.985089428348,136,1775.1466793761228,NO_DATA
Health Services,Medical Services,Mercy Private Hospital,"-37.811896809802, 144.984435746587",-37.811896809802,144.984435746587,75,930.6072551287136,NO_DATA
Leisure/Recreation,Major Sports & Recreation Facility,Carlton Football Club,"-37.7840864379557, 144.961967841559",-37.7840864379557,144.961967841559,44,1450.5271537814272,NO_DATA
Education Centre,Primary Schools,Carlton Gardens Primary School,"-37.8020953835112, 144.969406272035",-37.8020953835112,144.969406272035,37,236.62017584524077,SUPPORTED
Leisure/Recreation,Informal Outdoor Facility (Park/Garden/Reserve),Kings Domain,"-37.8255239795833, 144.974107925144",-37.8255239795833,144.974107925144,29,776.553771407199,NO_DATA
Education Centre,Secondary Schools,Melbourne Grammar School,"-37.8342561018747, 144.976285045233",-37.8342561018747,144.976285045233,140,1570.481872896822,NO_DATA
Mixed Use,Retail/Office/Carpark,Southgate Arts and Leisure Precinct,"-37.8202245786597, 144.965989052839",-37.8202245786597,144.965989052839,35,79.51329345173315,SUPPORTED
Place Of Assembly,Art Gallery/Museum,Australian Centre for Contemporary Art,"-37.8266045432686, 144.967252924593",-37.8266045432686,144.967252924593,179,478.1167999248124,NO_DATA
Office,Office,SBS (Special Broadcasting Service),"-37.8176921210305, 144.968740597156",-37.8176921210305,144.968740597156,72,47.686550525649935,SUPPORTED
Leisure/Recreation,Informal Outdoor Facility (Park/Garden/Reserve),Federation Square,"-37.8178516571684, 144.968963600783",-37.8178516571684,144.968963600783,72,68.60682930484654,SUPPORTED
Health Services,Public Hospital,Royal Womens Hospital,"-37.7988892460088, 144.954897253856",-37.7988892460088,144.954897253856,86,693.1001464286811,NO_DATA
Transport,Railway Station,South Kensington Railway Station,"-37.7997270537735, 144.925837749713",-37.7997270537735,144.925837749713,85,691.4608352240965,NO_DATA
Place Of Assembly,Art Gallery/Museum,National Sports Museum,"-37.8189544909462, 144.984669809381",-37.8189544909462,144.984669809381,75,974.2997103945438,NO_DATA
Leisure/Recreation,Informal Outdoor Facility (Park/Garden/Reserve),Flagstaff Gardens,"-37.8111222889277, 144.954696055235",-37.8111222889277,144.954696055235,109,160.9834208769462,SUPPORTED
Education Centre,Primary Schools,North Melbourne Primary School,"-37.7986737155551, 144.951065772876",-37.7986737155551,144.951065772876,86,522.162620784185,NO_DATA
Leisure/Recreation,Informal Outdoor Facility (Park/Garden/Reserve),Westgate Park,"-37.8314918578874, 144.908824792698",-37.8314918578874,144.908824792698,130,3102.183444683321,NO_DATA
Place of Worship,Church,St Mary's Anglican Church,"-37.8031663672997, 144.953761537074",-37.8031663672997,144.953761537074,27,399.78217817260287,NO_DATA
Transport,Railway Station,Flagstaff Railway Station,"-37.8122356514626, 144.956318211113",-37.8122356514626,144.956318211113,109,34.53740333778473,SUPPORTED
Leisure/Recreation,Informal Outdoor Facility (Park/Garden/Reserve),Newmarket Reserve,"-37.7878473341234, 144.922972125346",-37.7878473341234,144.922972125346,85,933.6485339295556,NO_DATA
Leisure/Recreation,Informal Outdoor Facility (Park/Garden/Reserve),J.J Holland Park,"-37.7982358832177, 144.923837074813",-37.7982358832177,144.923837074813,85,676.4922970727838,NO_DATA
Health Services,Public Hospital,Royal Childrens Hospital,"-37.7942060847278, 144.950048264678",-37.7942060847278,144.950048264678,86,992.5984391640275,NO_DATA
Leisure/Recreation,"Outdoor Recreation Facility (Zoo, Golf Course)",Riverside Park,"-37.7948375315825, 144.915607065132",-37.7948375315825,144.915607065132,85,1242.5952555286021,NO_DATA
Leisure/Recreation,Informal Outdoor Facility (Park/Garden/Reserve),Fitzroy Gardens,"-37.8129616331579, 144.980455714669",-37.8129616331579,144.980455714669,75,563.1018535752311,NO_DATA
Health Services,Public Hospital,Peter Maccallum Cancer Institute,"-37.8114766732026, 144.977400949063",-37.8114766732026,144.977400949063,17,436.98860455490944,NO_DATA
Place Of Assembly,Library,The Melbourne Athenaeum Library,"-37.8148855756416, 144.967291289941",-37.8148855756416,144.967291289941,4,105.72083931679104,SUPPORTED
Place of Worship,Church,Romanian Orthodox,"-37.8052307297468, 144.966986444597",-37.8052307297468,144.966986444597,188,263.667061672564,LIMITED
Place of Worship,Church,St Michaels,"-37.7940512679297, 144.945399480629",-37.7940512679297,144.945399480629,180,893.0010728157049,NO_DATA
Place of Worship,Church,Ukranian Catholic Cathedral,"-37.7963084580345, 144.944313454028",-37.7963084580345,144.944313454028,180,805.5475797742021,NO_DATA
Place of Worship,Church,The Parish of Christ Church South Yarra,"-37.8386270533576, 144.986009385387",-37.8386270533576,144.986009385387,136,2498.692212396622,NO_DATA
Retail,Retail,Queen Victoria Market,"-37.8075002018073, 144.957158515056",-37.8075002018073,144.957158515056,27,170.99374085393873,SUPPORTED
Community Use,Public Buildings,State Library Victoria,"-37.8099852201226, 144.964330322397",-37.8099852201226,144.964330322397,66,66.70312344293197,SUPPORTED
Place Of Assembly,Theatre Live,Regent Theatre,"-37.8160014744179, 144.967916735261",-37.8160014744179,144.967916735261,41,117.54981618974669,SUPPORTED
Office,Office,Old Treasury Building,"-37.8132371662585, 144.974423610255",-37.8132371662585,144.974423610255,17,112.91362517030689,SUPPORTED
Community Use,Public Buildings,Supreme Court,"-37.8141494182814, 144.957894024264",-37.8141494182814,144.957894024264,108,164.274676865894,SUPPORTED
Leisure/Recreation,Informal Outdoor Facility (Park/Garden/Reserve),Richmond Football Club,"-37.8216740022008, 144.988156318781",-37.8216740022008,144.988156318781,136,1330.7427210309127,NO_DATA
Place Of Assembly,Function/Conference/Exhibition Centre,Melbourne Convention Centre,"-37.8249040484653, 144.952288281644",-37.8249040484653,144.952288281644,25,344.3017054969726,NO_DATA
Leisure/Recreation,Private Sports Club/Facility,Melbourne International Shooting Club,"-37.8292844929826, 144.913415802464",-37.8292844929826,144.913415802464,130,2635.6320924697943,NO_DATA
Purpose Built,Casino,Crown Entertainment Complex,"-37.8235761092516, 144.957312880653",-37.8235761092516,144.957312880653,25,121.76889947010939,SUPPORTED
Education Centre,Primary Schools,Kensington Primary School,"-37.7925235045455, 144.927108735461",-37.7925235045455,144.927108735461,85,305.4398095619142,NO_DATA
Place Of Assembly,Art Gallery/Museum,Fox Classic Car Collection,"-37.8213744301481, 144.948496661709",-37.8213744301481,144.948496661709,8,208.81301056314274,SUPPORTED
Mixed Use,Retail/Office/Carpark,ANZ 'Gothic' Bank,"-37.8161580666029, 144.961673719242",-37.8161580666029,144.961673719242,36,57.636891397032024,SUPPORTED
Place of Worship,Church,St Augustines Church,"-37.8169741358546, 144.954862000132",-37.8169741358546,144.954862000132,182,96.13834927598025,SUPPORTED
Place of Worship,Church,Melbourne Unitarian Church,"-37.8114487773394, 144.984664890999",-37.8114487773394,144.984664890999,75,969.2824819794762,NO_DATA
Place of Worship,Church,Our Lady of Lebanon Church,"-37.8025766539683, 144.969334720932",-37.8025766539683,144.969334720932,31,260.3105603835085,LIMITED
Place of Worship,Church,St Alban Anglican Church,"-37.7942169477929, 144.94161451392",-37.7942169477929,144.94161451392,180,560.849311843767,NO_DATA
Place Of Assembly,Theatre Live,Playhouse,"-37.8218124583016, 144.968337832721",-37.8218124583016,144.968337832721,29,206.44537666594317,SUPPORTED
Place Of Assembly,Art Gallery/Museum,Victorian Arts Centre,"-37.8219947335768, 144.968837288153",-37.8219947335768,144.968837288153,29,224.04273591136845,SUPPORTED
Health Services,Public Hospital,The Royal Victorian Eye & Ear Hospital,"-37.8087522829868, 144.976268275082",-37.8087522829868,144.976268275082,40,376.9085296622849,NO_DATA
Place Of Assembly,Function/Conference/Exhibition Centre,Central Pier,"-37.8165177307702, 144.943475014215",-37.8165177307702,144.943475014215,12,220.84924806269336,SUPPORTED
Community Use,Public Buildings,NGV International,"-37.8230135000869, 144.969342535451",-37.8230135000869,144.969342535451,29,341.406246559274,NO_DATA
Transport,Railway Station,Macaulay Railway Station (North Melbourne) - Train stop,"-37.794964001386, 144.936190756632",-37.794964001386,144.936190756632,180,77.9827701497386,SUPPORTED
Transport,Railway Station,Kensington Railway Station,"-37.7939140126373, 144.930710207518",-37.7939140126373,144.930710207518,76,75.83606134329462,SUPPORTED
Leisure/Recreation,Informal Outdoor Facility (Park/Garden/Reserve),Royal Botanic Gardens,"-37.8306631583233, 144.980850432751",-37.8306631583233,144.980850432751,136,1504.3325158967036,NO_DATA
Office,Office,Coronial Services Centre of Victoria,"-37.8243437355246, 144.96447462898",-37.8243437355246,144.96447462898,179,137.94573178700443,SUPPORTED
Leisure/Recreation,Informal Outdoor Facility (Park/Garden/Reserve),Darling Square,"-37.81299206932, 144.989062559512",-37.81299206932,144.989062559512,75,1286.3641409661832,NO_DATA
Warehouse/Store,Store Yard,Melbourne Wholesale Fish Market,"-37.8083471006041, 144.930613255612",-37.8083471006041,144.930613255612,11,1142.687851049346,NO_DATA
Place Of Assembly,Art Gallery/Museum,The Ian Potter Museum Of Art,"-37.7973939595503, 144.964156669702",-37.7973939595503,144.964156669702,44,50.50847123213547,SUPPORTED
Education Centre,Tertiary (University),University of Melbourne,"-37.7982892284927, 144.96099520158",-37.7982892284927,144.96099520158,43,274.91156622631706,LIMITED
Mixed Use,Retail/Office/Residential/Carpark,QV Village,"-37.8106891897454, 144.965714574014",-37.8106891897454,144.965714574014,30,95.31897806891295,SUPPORTED
Leisure/Recreation,Informal Outdoor Facility (Park/Garden/Reserve),Parliament Reserve,"-37.809852620638, 144.973462202839",-37.809852620638,144.973462202839,40,105.38804522318458,SUPPORTED
Office,Office,North Melbourne Football Club,"-37.799771364073, 144.940963510723",-37.799771364073,144.940963510723,180,729.5929459977718,NO_DATA
Leisure/Recreation,Gymnasium/Health Club,North Melbourne Recreation Centre (Gymnasium),"-37.7997051197931, 144.940368286395",-37.7997051197931,144.940368286395,180,689.3555989602808,NO_DATA
Community Use,Public Buildings,Conservatory,"-37.814002127195, 144.9785597431",-37.814002127195,144.9785597431,75,364.315607666544,NO_DATA
Mixed Use,Retail/Office/Residential/Carpark,Freshwater Place,"-37.8219745489446, 144.96246144843",-37.8219745489446,144.96246144843,14,210.92336096327557,SUPPORTED
Community Use,Fire Station,Metropolitan Fire Brigade (MFB),"-37.8092318636838, 144.975247619376",-37.8092318636838,144.975247619376,40,274.45801239062087,LIMITED
Place Of Assembly,Art Gallery/Museum,Koorie Heritage Trust Inc,"-37.8133854259085, 144.954027907736",-37.8133854259085,144.954027907736,132,80.13837929619555,SUPPORTED
Education Centre,Tertiary (University),RMIT University,"-37.8080795360545, 144.964452974798",-37.8080795360545,144.964452974798,59,124.93648147724156,SUPPORTED
Leisure/Recreation,Informal Outdoor Facility (Park/Garden/Reserve),Macarthur Square,"-37.7983318676737, 144.971514146104",-37.7983318676737,144.971514146104,50,379.1857783057285,NO_DATA
Transport,Railway Station,North Melbourne Railway Station,"-37.8073823625058, 144.942429848025",-37.8073823625058,144.942429848025,166,630.1955287358801,NO_DATA
Place Of Assembly,Art Gallery/Museum,Cooks' Cottage,"-37.8144604899837, 144.979471339826",-37.8144604899837,144.979471339826,75,428.1634383750241,NO_DATA
Place Of Assembly,Art Gallery/Museum,Royal Exhibition Building,"-37.80460262432, 144.971521914952",-37.80460262432,144.971521914952,31,540.5770863762549,NO_DATA
Community Use,Public Buildings,Melbourne Childrens Court,"-37.8125077646598, 144.958298873269",-37.8125077646598,144.958298873269,107,122.8231814486241,SUPPORTED
Leisure/Recreation,Observation Tower/Wheel,Eureka Skydeck 88,"-37.8216187583314, 144.964622218598",-37.8216187583314,144.964622218598,35,164.3298456742005,SUPPORTED
Community Use,Public Buildings,County Court Melbourne,"-37.8132011619962, 144.957734246387",-37.8132011619962,144.957734246387,108,87.41235586244622,SUPPORTED
Health Services,Private Hospital,Epworth Freemasons Hospital,"-37.8109710654051, 144.98370007659",-37.8109710654051,144.98370007659,75,918.9894726384454,NO_DATA
Place of Worship,Church,Church of Christ,"-37.8104524079085, 144.96388920294",-37.8104524079085,144.96388920294,66,50.62420530794916,SUPPORTED
Place of Worship,Church,Holy Trinity,"-37.8140667110854, 144.983197322289",-37.8140667110854,144.983197322289,75,758.1726879607554,NO_DATA
Place of Worship,Church,Holy Rosary,"-37.7948087414394, 144.928362125005",-37.7948087414394,144.928362125005,85,132.0212786201604,SUPPORTED
Community Use,Police Station,Victoria Police,"-37.8219773910249, 144.953398014034",-37.8219773910249,144.953398014034,143,192.79512154465803,SUPPORTED
Place Of Assembly,Art Gallery/Museum,Old Melbourne Gaol Crime & Justice Experience,"-37.8077644149636, 144.965463853978",-37.8077644149636,144.965463853978,188,148.58425621048664,SUPPORTED
Place Of Assembly,Function/Conference/Exhibition Centre,Melbourne Exhibition Centre,"-37.8252455123297, 144.95435243249",-37.8252455123297,144.95435243249,25,201.78871342659744,SUPPORTED
Place Of Assembly,Theatre Live,MTC Theatre,"-37.8242661832902, 144.968174400274",-37.8242661832902,144.968174400274,179,456.35550451561386,NO_DATA
Leisure/Recreation,Informal Outdoor Facility (Park/Garden/Reserve),Shrine of Rembrance Reserve,"-37.8320733992876, 144.973628364465",-37.8320733992876,144.973628364465,140,1240.1949797565085,NO_DATA
Leisure/Recreation,Indoor Recreation Facility,Icehouse,"-37.8121881194053, 144.935684018873",-37.8121881194053,144.935684018873,11,526.0943921433949,NO_DATA
Transport,Railway Station,Parliament Railway Station,"-37.8127621113552, 144.973433796529",-37.8127621113552,144.973433796529,18,83.32541201959862,SUPPORTED
Transport,Railway Station,Flemington Racecourse Railway Station,"-37.7869105822519, 144.908190706069",-37.7869105822519,144.908190706069,85,2064.745037396374,NO_DATA
Leisure/Recreation,Indoor Recreation Facility,Carlton Baths,"-37.7934377042609, 144.971696548624",-37.7934377042609,144.971696548624,50,649.6778240098754,NO_DATA
Place Of Assembly,Function/Conference/Exhibition Centre,Dallas Brooks Centre,"-37.8097374138234, 144.981383411592",-37.8097374138234,144.981383411592,40,800.6002216310874,NO_DATA
Place of Worship,Church,St James Church,"-37.8101281201969, 144.952468571683",-37.8101281201969,144.952468571683,165,278.41061324429444,LIMITED
Place of Worship,Church,St Michael's Uniting Church,"-37.8143851324913, 144.969174036096",-37.8143851324913,144.969174036096,39,94.8984245480138,SUPPORTED
Place of Worship,Synagogue,East Melbourne Synagogue,"-37.809113728917, 144.97422190954",-37.809113728917,144.97422190954,40,196.9649117858823,SUPPORTED
Leisure/Recreation,Major Sports & Recreation Facility,Flemington Racecourse,"-37.7908082646624, 144.912142987372",-37.7908082646624,144.912142987372,85,1594.3805238010673,NO_DATA
Leisure/Recreation,Informal Outdoor Facility (Park/Garden/Reserve),Treasury Gardens,"-37.8143993575938, 144.975952335785",-37.8143993575938,144.975952335785,75,139.9166072432195,SUPPORTED
Community Use,Government Building,Melbourne Magistrates Court,"-37.8136147671606, 144.956846193891",-37.8136147671606,144.956846193891,108,73.18425436070972,SUPPORTED
Leisure/Recreation,Major Sports & Recreation Facility,Melbourne Cricket Ground (MCG),"-37.8194921618419, 144.983402879078",-37.8194921618419,144.983402879078,136,871.1913528521088,NO_DATA
Vacant Land,Vacant Land - Undeveloped Site,Melbourne International Karting Complex,"-37.8310746380616, 144.913822928701",-37.8310746380616,144.913822928701,130,2683.810892026463,NO_DATA
Place of Worship,Church,St Patricks Cathedral,"-37.8101140950474, 144.975901529712",-37.8101140950474,144.975901529712,40,318.79456601532394,NO_DATA
Office,Office,Parliament House,"-37.811246655376, 144.97372641185",-37.811246655376,144.97372641185,40,188.83245002784957,SUPPORTED
Office,Office,Former Royal Mint,"-37.8121838748712, 144.957055454136",-37.8121838748712,144.957055454136,107,33.81305092581526,SUPPORTED
Leisure/Recreation,Informal Outdoor Facility (Park/Garden/Reserve),Queen Victoria Gardens,"-37.8216381244891, 144.971049530478",-37.8216381244891,144.971049530478,29,274.74124916021384,LIMITED
Leisure/Recreation,Informal Outdoor Facility (Park/Garden/Reserve),New Quay,"-37.8152178789077, 144.941617889032",-37.8152178789077,144.941617889032,12,134.8932672191316,SUPPORTED
Purpose Built,Film & RV Studio,Central City Studios,"-37.8142318521296, 144.935655305362",-37.8142318521296,144.935655305362,11,392.9723196818182,NO_DATA
Transport,Marina,New Quay Marina,"-37.8152925454954, 144.942283726231",-37.8152925454954,144.942283726231,12,97.17477505822022,SUPPORTED
Leisure/Recreation,Major Sports & Recreation Facility,Rod Laver Arena,"-37.8220456119807, 144.978487173787",-37.8220456119807,144.978487173787,136,590.6887068008591,NO_DATA
Leisure/Recreation,Major Sports & Recreation Facility,Melbourne Park,"-37.8209085970021, 144.978735802793",-37.8209085970021,144.978735802793,136,531.1317154436067,NO_DATA
Leisure/Recreation,Major Sports & Recreation Facility,Hisense Arena,"-37.823110002667, 144.981834802535",-37.823110002667,144.981834802535,136,893.5844924278807,NO_DATA
Place Of Assembly,Art Gallery/Museum,Melbourne Museum,"-37.8035518129299, 144.971690718887",-37.8035518129299,144.971690718887,37,492.58815367532117,NO_DATA
Community Use,Public Buildings,Elisabeth Murdoch Hall,"-37.8239733704282, 144.967450979234",-37.8239733704282,144.967450979234,179,391.2646668041347,NO_DATA
Community Use,Public Buildings,Melbourne Recital Centre,"-37.8238327885805, 144.967682729667",-37.8238327885805,144.967682729667,179,411.70614626923697,NO_DATA
Place Of Assembly,Theatre Live,Hamer Hall,"-37.8199901009015, 144.967992144257",-37.8199901009015,144.967992144257,142,31.573295638516417,SUPPORTED
Transport,Railway Station,Royal Park Railway Station,"-37.7812684282825, 144.951667833921",-37.7812684282825,144.951667833921,44,2075.912155379889,NO_DATA
Transport,Railway Station,Flagstaff Railway Station,"-37.8116384403974, 144.9561186805",-37.8116384403974,144.9561186805,109,34.15512298037127,SUPPORTED
Place Of Assembly,Theatre Live,Athanaeum Theatre,"-37.814954347831, 144.96732254212",-37.814954347831,144.96732254212,4,108.77981434118013,SUPPORTED
Place Of Assembly,Theatre Live,Her Majesty's Theatre,"-37.8109975612842, 144.969520183129",-37.8109975612842,144.969520183129,20,138.32918472797374,SUPPORTED
Transport,Railway Station,Flinders Street Railway Station,"-37.8179063007545, 144.967064817875",-37.8179063007545,144.967064817875,79,78.97506473771331,SUPPORTED
Leisure/Recreation,Informal Outdoor Facility (Park/Garden/Reserve),Sandridge Rail Bridge,"-37.8201763042794, 144.96298113724",-37.8201763042794,144.96298113724,14,8.959889448804287,SUPPORTED
Place Of Assembly,Art Gallery/Museum,The Museum Of Australian Chinese History,"-37.8107686127655, 144.96923385414",-37.8107686127655,144.96923385414,20,137.5837698475546,SUPPORTED
Place of Worship,Church,All Nations Uniting Church,"-37.7959155303946, 144.968981110942",-37.7959155303946,144.968981110942,50,286.7794626448965,LIMITED
Leisure/Recreation,Private Sports Club/Facility,Royal Park Golf Course,"-37.7819171308558, 144.956309119368",-37.7819171308558,144.956309119368,44,1820.7771197124252,NO_DATA
Community Use,Public Buildings,Sidney Myer Music Bowl,"-37.8233471608733, 144.974686151365",-37.8233471608733,144.974686151365,136,557.0835982210798,NO_DATA
Vacant Land,Current Construction Site,Harbour Town,"-37.8139256326845, 144.938123825625",-37.8139256326845,144.938123825625,11,240.2481153741648,SUPPORTED
Leisure/Recreation,Observation Tower/Wheel,Melbourne Star Observation Wheel,"-37.8116163666726, 144.937588920436",-37.8116163666726,144.937588920436,11,488.51686506997567,NO_DATA
Leisure/Recreation,Informal Outdoor Facility (Park/Garden/Reserve),Birrarung Marr,"-37.81806108403, 144.97314667014",-37.81806108403,144.97314667014,136,54.62603066589069,SUPPORTED
Leisure/Recreation,Indoor Recreation Facility,Artplay,"-37.8184198800044, 144.971542586509",-37.8184198800044,144.971542586509,161,22.629322948737528,SUPPORTED
Transport,Railway Station,Parliament Railway Station,"-37.8095762219384, 144.972330132127",-37.8095762219384,144.972330132127,40,46.63353828320237,SUPPORTED
Place Of Assembly,Art Gallery/Museum,Immigration Museum,"-37.8191798798062, 144.960426777129",-37.8191798798062,144.960426777129,138,102.57748773633317,SUPPORTED
Place Of Assembly,Art Gallery/Museum,Fire Services Museum Victoria,"-37.8085761281612, 144.975373745366",-37.8085761281612,144.975373745366,40,314.4858496570537,NO_DATA
Leisure/Recreation,Major Sports & Recreation Facility,North Melbourne Recreation Centre (Aquatic),"-37.7999470049655, 144.943290801869",-37.7999470049655,144.943290801869,86,617.8029267747296,NO_DATA
Mixed Use,Retail/Residential,Eureka Tower,"-37.8215157539717, 144.964456721965",-37.8215157539717,144.964456721965,35,157.73871952844948,SUPPORTED
Place of Worship,Church,Welsh Presbyterian Church,"-37.8104478768313, 144.959873260087",-37.8104478768313,144.959873260087,181,142.41252472184223,SUPPORTED
Place of Worship,Church,Lutheran Trinity Church,"-37.8109757054396, 144.975729473552",-37.8109757054396,144.975729473552,40,322.4578346167212,NO_DATA
Place of Worship,Church,St Johns Lutheran Church,"-37.8209399677168, 144.967121099857",-37.8209399677168,144.967121099857,142,155.48889396300066,SUPPORTED
Community Use,Police Station,Victoria Police,"-37.8164849024046, 144.966486801188",-37.8164849024046,144.966486801188,41,42.45164577849053,SUPPORTED
Leisure/Recreation,Major Sports & Recreation Facility,State Netball Hockey Centre,"-37.7857860016289, 144.947580972027",-37.7857860016289,144.947580972027,180,1485.5923179736924,NO_DATA
Leisure/Recreation,Informal Outdoor Facility (Park/Garden/Reserve),University Square,"-37.800410711209, 144.960398319302",-37.800410711209,144.960398319302,46,244.6057306575484,SUPPORTED
Community Use,Cemetery,Melbourne General Cemetery,"-37.7891890023616, 144.965785979892",-37.7891890023616,144.965785979892,44,875.4959689502826,NO_DATA
Education Centre,School - Primary and Secondary Education,Wesley College,"-37.8485201804496, 144.982227770988",-37.8485201804496,144.982227770988,140,3085.5193788788893,NO_DATA
Transport,Railway Station,Southern Cross Railway Station,"-37.8181633057171, 144.952944748845",-37.8181633057171,144.952944748845,135,99.91098510246202,SUPPORTED
Place Of Assembly,Theatre Live,Princess Theatre,"-37.8107257091302, 144.9723265962",-37.8107257091302,144.9723265962,40,81.54990608652533,SUPPORTED
Education Centre,Secondary Schools,University High School,"-37.7973136216903, 144.956034449946",-37.7973136216903,144.956034449946,43,721.2969552129908,NO_DATA
Leisure/Recreation,"Outdoor Recreation Facility (Zoo, Golf Course)",Melbourne Zoo,"-37.7844449253712, 144.951371205938",-37.7844449253712,144.951371205938,44,1805.1157995266358,NO_DATA
Place Of Assembly,Theatre Live,Malthouse Theatre,"-37.8271768001126, 144.966936821789",-37.8271768001126,144.966936821789,140,467.65290278222625,NO_DATA
Place Of Assembly,Art Gallery/Museum,Thoroughbred Racing Gallery,"-37.8188662730911, 144.9839700954",-37.8188662730911,144.9839700954,136,914.115867665233,NO_DATA
Leisure/Recreation,Informal Outdoor Facility (Park/Garden/Reserve),Docklands Park,"-37.8209956785618, 144.946781702342",-37.8209956785618,144.946781702342,8,218.4411110477339,SUPPORTED
Mixed Use,Retail/Office,Waterfront City,"-37.815056661803, 144.939136876334",-37.815056661803,144.939136876334,11,86.25287991840727,SUPPORTED
Leisure/Recreation,Informal Outdoor Facility (Park/Garden/Reserve),Point Park,"-37.8233522700646, 144.942102276731",-37.8233522700646,144.942102276731,130,329.4427757204007,NO_DATA
Community Use,Public Buildings,Melbourne Theatre Company,"-37.823930384816, 144.968297429894",-37.823930384816,144.968297429894,29,440.70497855998804,NO_DATA
Leisure/Recreation,Informal Outdoor Facility (Park/Garden/Reserve),Alexandra Gardens,"-37.8206051404251, 144.971796067365",-37.8206051404251,144.971796067365,161,236.49432159426686,SUPPORTED
Transport,Railway Station,Jolimont-MCG Railway Station (East Melbourne) - Train stop,"-37.8165651811668, 144.983641003377",-37.8165651811668,144.983641003377,75,802.9637275094874,NO_DATA
Community Use,Public Buildings,Shrine of Remembrance,"-37.8302080020387, 144.973441913623",-37.8302080020387,144.973441913623,140,1123.9319133307333,NO_DATA
Transport,Railway Station,Newmarket Railway Station,"-37.7872726241965, 144.929059958114",-37.7872726241965,144.929059958114,85,786.3274065950757,NO_DATA
Place Of Assembly,Theatre Live,Carlton Courthouse Theatre,"-37.7976589943217, 144.968750113566",-37.7976589943217,144.968750113566,50,143.24828378207098,SUPPORTED
Leisure/Recreation,"Outdoor Recreation Facility (Zoo, Golf Course)",Melbourne Showgrounds,"-37.7823097850883, 144.910822117306",-37.7823097850883,144.910822117306,85,2132.2600498585375,NO_DATA
Industrial,Industrial (Manufacturing),Kraft,"-37.8262313085528, 144.923475698195",-37.8262313085528,144.923475698195,130,1689.2597089035728,NO_DATA
Mixed Use,Retail/Office/Carpark,"Melbourne Wholesale Fruit, Vegetable & Flower Market","-37.80687252157, 144.923287444259",-37.80687252157,144.923287444259,76,1505.8072370272882,NO_DATA
Mixed Use,Retail/Office/Carpark,Melbourne Central,"-37.8105371797142, 144.962749729496",-37.8105371797142,144.962749729496,62,81.76541578955063,SUPPORTED
Leisure/Recreation,Informal Outdoor Facility (Park/Garden/Reserve),Piazza Italia,"-37.8025164192523, 144.965863092947",-37.8025164192523,144.965863092947,31,111.24139724113458,SUPPORTED
Leisure/Recreation,Informal Outdoor Facility (Park/Garden/Reserve),Murchinson Square,"-37.8002735025371, 144.973059252203",-37.8002735025371,144.973059252203,37,535.7619811359368,NO_DATA
Purpose Built,Aquarium,Melbourne Aquarium,"-37.8209627824685, 144.958425696055",-37.8209627824685,144.958425696055,141,110.29430470696934,SUPPORTED
Retail,Department Store,Myer,"-37.8135911985281, 144.963855087868",-37.8135911985281,144.963855087868,185,97.57617991940123,SUPPORTED
Place of Worship,Church,St Francis Church,"-37.8118847831837, 144.962422614541",-37.8118847831837,144.962422614541,47,79.00442299336711,SUPPORTED
Place of Worship,Church,Greek Orthodox Church,"-37.8088064667555, 144.978259089269",-37.8088064667555,144.978259089269,40,541.9435988176604,NO_DATA
Place of Worship,Church,North Melbourne Uniting,"-37.8035538471344, 144.947671538375",-37.8035538471344,144.947671538375,86,133.69409189072303,SUPPORTED
Leisure/Recreation,Informal Outdoor Facility (Park/Garden/Reserve),Carlton Gardens North,"-37.8017690847403, 144.971997551189",-37.8017690847403,144.971997551189,37,441.9479505494155,NO_DATA
Mixed Use,Retail/Office,Treasury Reserve,"-37.8129178793082, 144.975236759799",-37.8129178793082,144.975236759799,17,192.57088221236518,SUPPORTED
Specialist Residential Accommodation,Hostel,The Mission To Seafarers Victoria,"-37.8224995970811, 144.951254841448",-37.8224995970811,144.951254841448,9,297.5373733665242,LIMITED
Leisure/Recreation,"Outdoor Recreation Facility (Zoo, Golf Course)",Wonderland Park,"-37.8116945351989, 144.936833674975",-37.8116945351989,144.936833674975,11,510.30651344689744,NO_DATA
Office,Office,State Coroners Office,"-37.8244982228756, 144.964675254819",-37.8244982228756,144.964675254819,179,160.66534947389292,SUPPORTED
Leisure/Recreation,Informal Outdoor Facility (Park/Garden/Reserve),Fawkner Park,"-37.8413996708186, 144.981625667877",-37.8413996708186,144.981625667877,140,2445.3979160931335,NO_DATA
Education Centre,Tertiary (University),BIO 21 Institute,"-37.7978743305343, 144.953780325865",-37.7978743305343,144.953780325865,86,712.8336620050666,NO_DATA
Leisure/Recreation,Informal Outdoor Facility (Park/Garden/Reserve),Enterprize Park,"-37.820210269629, 144.959276859602",-37.820210269629,144.959276859602,138,54.512997567488455,SUPPORTED
Health Services,Public Hospital,Royal Melbourne Hospital,"-37.7993071664096, 144.956389746765",-37.7993071664096,144.956389746765,46,570.7526444560405,NO_DATA
Community Use,Public Buildings,Commonwealth Law Courts,"-37.8123961677596, 144.955823833257",-37.8123961677596,144.955823833257,109,61.36830167585682,SUPPORTED
Leisure/Recreation,Major Sports & Recreation Facility,City Baths,"-37.8071585350561, 144.963189789721",-37.8071585350561,144.963189789721,61,58.02915120565056,SUPPORTED
Transport,Railway Station,Flemington Bridge Railway Station,"-37.7881645889621, 144.939277838304",-37.7881645889621,144.939277838304,180,833.4937287180577,NO_DATA
Mixed Use,Retail/Office/Carpark,Council House 2 (CH2),"-37.8142591432011, 144.966638432727",-37.8142591432011,144.966638432727,45,49.622009953294466,SUPPORTED
Leisure/Recreation,Informal Outdoor Facility (Park/Garden/Reserve),Carlton Gardens South,"-37.8060684577258, 144.971266479841",-37.8060684577258,144.971266479841,40,445.35312682363826,NO_DATA
Place of Worship,Church,Wesley Church,"-37.8101576446961, 144.968168215633",-37.8101576446961,144.968168215633,20,174.87816798014904,SUPPORTED
Place of Worship,Church,Christ Church Kensington,"-37.7932109480553, 144.92729572288",-37.7932109480553,144.92729572288,85,247.41911485355163,SUPPORTED
Health Services,Private Hospital,Melbourne Private Hospital,"-37.7983111309698, 144.95728837725",-37.7983111309698,144.95728837725,46,590.5791724743526,NO_DATA
Community Use,Police Station,Victoria Police,"-37.8003121288849, 144.954697453742",-37.8003121288849,144.954697453742,86,582.7733643624586,NO_DATA
Leisure/Recreation,Major Sports & Recreation Facility,Visy Park,"-37.7834303940347, 144.961982577553",-37.7834303940347,144.961982577553,44,1522.5275177583999,NO_DATA
Leisure/Recreation,Informal Outdoor Facility (Park/Garden/Reserve),Batman Park,"-37.8218460949601, 144.956665812218",-37.8218460949601,144.956665812218,143,97.12972434147606,SUPPORTED
Office,Office,Australian Red Cross,"-37.7990921023192, 144.952635945774",-37.7990921023192,144.952635945774,86,544.2225388275901,NO_DATA
Place Of Assembly,Art Gallery/Museum,Polly Woodside,"-37.8242574266145, 144.953478052064",-37.8242574266145,144.953478052064,25,226.9667908381257,SUPPORTED
Community Use,Public Buildings,Melbourne Town Hall,"-37.8150754791411, 144.966542722283",-37.8150754791411,144.966542722283,4,45.49733658632217,SUPPORTED
Mixed Use,Retail/Office,DFO South Wharf,"-37.824887401234, 144.949794297819",-37.824887401234,144.949794297819,8,316.28204390965897,NO_DATA
Place Of Assembly,Art Gallery/Museum,The Ian Potter Centre: NGV Australia,"-37.8174831423197, 144.969899048343",-37.8174831423197,144.969899048343,72,105.72069089820245,SUPPORTED
Purpose Built,Film & RV Studio,Channel 7 - Melbourne Broadcast Centre,"-37.8158572333481, 144.94582326909",-37.8158572333481,144.94582326909,77,207.22204319563173,SUPPORTED
Leisure/Recreation,Major Sports & Recreation Facility,AAMI Park,"-37.8247252673963, 144.98380297866",-37.8247252673963,144.98380297866,136,1139.7002947765602,NO_DATA
Education Centre,Further Education,Kangan Batman Tafe,"-37.8221818203024, 144.948908460665",-37.8221818203024,144.948908460665,8,173.78658155758524,SUPPORTED
Leisure/Recreation,Major Sports & Recreation Facility,Margaret Court Arena,"-37.8213252086842, 144.977591098955",-37.8213252086842,144.977591098955,136,478.5063869470149,NO_DATA
Leisure/Recreation,Informal Outdoor Facility (Park/Garden/Reserve),Riverslide Skate Park,"-37.8207887122448, 144.972951789291",-37.8207887122448,144.972951789291,136,269.7342257534286,LIMITED
Leisure/Recreation,Informal Outdoor Facility (Park/Garden/Reserve),Royal Park,"-37.7906174256581, 144.953834240647",-37.7906174256581,144.953834240647,44,1168.6584596701425,NO_DATA
Residential Accommodation,Dwelling (House),Government House,"-37.8275635886174, 144.976655130464",-37.8275635886174,144.976655130464,136,1052.6410256922004,NO_DATA
Leisure/Recreation,Informal Outdoor Facility (Park/Garden/Reserve),Yarra Park,"-37.820469374101, 144.986671109615",-37.820469374101,144.986671109615,136,1172.4632348407758,NO_DATA
Transport,Railway Station,Melbourne Central Railway Station,"-37.8097759325888, 144.962670059539",-37.8097759325888,144.962670059539,62,49.078487371392455,SUPPORTED
Place Of Assembly,Art Gallery/Museum,Victoria Police Museum,"-37.8222182774409, 144.954039975197",-37.8222182774409,144.954039975197,143,145.03884935073756,SUPPORTED
Place of Worship,Church,St Pauls Cathedral,"-37.8169549012399, 144.967681647402",-37.8169549012399,144.967681647402,41,75.08907216537875,SUPPORTED
Community Use,Visitor Centre,Melbourne Visitor Centre,"-37.8177352402006, 144.967937138226",-37.8177352402006,144.967937138226,72,87.06369582834152,SUPPORTED
Place Of Assembly,Art Gallery/Museum,Australian Centre For The Moving Image (ACMI),"-37.8176107327202, 144.969070431323",-37.8176107327202,144.969070431323,72,48.94997387114411,SUPPORTED
Place Of Assembly,Art Gallery/Museum,Sinclair's Cottage,"-37.8145407488014, 144.980554992725",-37.8145407488014,144.980554992725,75,520.8437762778939,NO_DATA
Leisure/Recreation,Major Sports & Recreation Facility,Etihad Stadium,"-37.8161760471742, 144.947496254547",-37.8161760471742,144.947496254547,10,289.88965837753915,LIMITED
Leisure/Recreation,Informal Outdoor Facility (Park/Garden/Reserve),Lincoln Square,"-37.8027919689732, 144.962760852233",-37.8027919689732,144.962760852233,46,113.25607388547128,SUPPORTED
Residential Accommodation,Dwelling (House),Bishopscourt,"-37.8132921649416, 144.98350690799",-37.8132921649416,144.98350690799,75,802.8087621507267,NO_DATA
Place of Worship,Church,St Peter's Eastern Hill,"-37.8097086714637, 144.975259178609",-37.8097086714637,144.975259178609,40,263.98810717704464,LIMITED
Place of Worship,Church,Scots Church,"-37.8145687802664, 144.96855105335",-37.8145687802664,144.96855105335,39,150.3947246367796,SUPPORTED
Place of Worship,Church,South Yarra Presbyterian Church,"-37.8407473645397, 144.98562699348",-37.8407473645397,144.98562699348,140,2660.613571833734,NO_DATA
Transport,Transport Terminal,Port of Melbourne,"-37.8137384362671, 144.91753432375",-37.8137384362671,144.91753432375,11,1962.69833766606,NO_DATA
Place Of Assembly,Theatre Live,FairFax Studio,"-37.8216684581887, 144.968836241692",-37.8216684581887,144.968836241692,29,187.79715048486523,SUPPORTED
Health Services,Private Hospital,Epworth Freemasons Hospital : Medical Centre,"-37.8093444587231, 144.982336768182",-37.8093444587231,144.982336768182,40,886.7891740384786,NO_DATA
Transport,Railway Station,Melbourne Central Railway Station,"-37.8105992402369, 144.96169061383",-37.8105992402369,144.96169061383,181,60.549912823964675,SUPPORTED
Transport,Railway Station,Melbourne Central Railway Station,"-37.8108930047401, 144.963100728702",-37.8108930047401,144.963100728702,3,105.77842976334334,SUPPORTED
Place of Worship,Church,Collins Street Baptist Church,"-37.8147011904647, 144.968072486031",-37.8147011904647,144.968072486031,4,175.47085391255865,SUPPORTED
Place of Worship,Church,St Thomas Aquinas Church,"-37.8353076902578, 144.976809080472",-37.8353076902578,144.976809080472,140,1678.0468165280024,NO_DATA
Community Use,Visitor Centre,Melbourne Visitor Booth,"-37.8139525061193, 144.964425882562",-37.8139525061193,144.964425882562,2,67.10763829393532,SUPPORTED
Leisure/Recreation,Informal Outdoor Facility (Park/Garden/Reserve),Powlett Reserve,"-37.8116929882498, 144.987275671763",-37.8116929882498,144.987275671763,75,1171.7251994167418,NO_DATA
Education Centre,Primary Schools,Carlton Primary School,"-37.7959079757171, 144.970147317976",-37.7959079757171,144.970147317976,50,353.60632621831996,NO_DATA
Place Of Assembly,Theatre Live,State Theatre,"-37.8212806349773, 144.968469643744",-37.8212806349773,144.968469643744,29,146.21592340378464,SUPPORTED
Education Centre,Tertiary (University),University of Melbourne (VCA and Music),"-37.8241137662047, 144.96933253996",-37.8241137662047,144.96933253996,29,462.5170452722981,NO_DATA
Place Of Assembly,Theatre Live,St Martins Youth Arts Centre,"-37.8352429531289, 144.98114217385",-37.8352429531289,144.98114217385,136,1985.6853172532253,NO_DATA
Office,Office,Australian Broadcasting Corporation (ABC),"-37.823813323734, 144.966551401578",-37.823813323734,144.966551401578,179,312.455579267863,NO_DATA
Place Of Assembly,Cinema,IMAX Melbourne,"-37.8034315561903, 144.970639929886",-37.8034315561903,144.970639929886,31,404.8111487883641,NO_DATA
Transport,Railway Station,Richmond Railway Station (Richmond) - Train stop,"-37.8238992659834, 144.989400751664",-37.8238992659834,144.989400751664,136,1517.6619571594952,NO_DATA
Office,Office,Victorian Insitute of Forensic Medicine,"-37.8246924089335, 144.964979061564",-37.8246924089335,144.964979061564,179,193.95236084830384,SUPPORTED
Transport,Railway Station,Parliament Railway Station,"-37.8121572789173, 144.973742010011",-37.8121572789173,144.973742010011,18,155.8081418535349,SUPPORTED
Transport,Railway Station,Showgrounds Railway Station (Flemington),"-37.7834651216244, 144.914902626775",-37.7834651216244,144.914902626775,85,1776.6616221680365,NO_DATA
Health Services,Public Hospital,Alfred Hospital,"-37.8462631206461, 144.981786260765",-37.8462631206461,144.981786260765,140,2860.825989925456,NO_DATA
Place Of Assembly,Theatre Live,Comedy Theatre,"-37.8102053945163, 144.97013311862",-37.8102053945163,144.97013311862,40,189.7093841320592,SUPPORTED
Place Of Assembly,Theatre Live,La Mama Theatre,"-37.7991304956733, 144.967669503083",-37.7991304956733,144.967669503083,50,123.38483138941272,SUPPORTED
Place Of Assembly,Theatre Live,Forum Theatre,"-37.816485409696, 144.969386556998",-37.816485409696,144.969386556998,72,104.06201103715212,SUPPORTED
Health Services,Public Hospital,Royal Dental Hospital,"-37.7995065904416, 144.964526842767",-37.7995065904416,144.964526842767,42,86.8131176999461,SUPPORTED
Transport,Bridge,Webb Bridge,"-37.8232052384507, 144.947291011905",-37.8232052384507,144.947291011905,8,31.681777040727557,SUPPORTED
Retail,Department Store,David Jones,"-37.8133127260638, 144.964373486798",-37.8133127260638,144.964373486798,1,71.41396739993164,SUPPORTED
